{"count":1,"self":28.226304,"total":28.6275563,"children":{"InitializeActuators":{"count":5,"self":0.0029942999999999997,"total":0.0029942999999999997,"children":null},"InitializeSensors":{"count":5,"self":0.00099209999999999988,"total":0.00099209999999999988,"children":null},"AgentSendState":{"count":1185,"self":0.0290244,"total":0.0760501,"children":{"CollectObservations":{"count":595,"self":0.037027,"total":0.037027,"children":null},"CollectDiscreteActionMasks":{"count":595,"self":0.001001,"total":0.001001,"children":null},"RequestDecision":{"count":595,"self":0.0089976999999999991,"total":0.0089976999999999991,"children":null}}},"DecideAction":{"count":1185,"self":0.29520199999999996,"total":0.29520199999999996,"children":null},"AgentAct":{"count":1185,"self":0.0240119,"total":0.0240119,"children":null}},"gauges":{"Pacman.CumulativeReward":{"count":1,"max":-2.63265324,"min":-2.63265324,"runningAverage":-2.63265324,"value":-2.63265324,"weightedAverage":-2.63265324},"Ghost.CumulativeReward":{"count":4,"max":0.004984252,"min":0.0020441988,"runningAverage":0.00403727125,"value":0.004467474,"weightedAverage":0.003568163}},"metadata":{"timer_format_version":"0.1.0","start_time_seconds":"1602706538","unity_version":"2019.4.9f1","command_line_arguments":"E:\\ProgramFiles\\Unity\\2019.4.9f1\\Editor\\Unity.exe -projectpath E:\/projects\/Unity\/Infinite Pac-Man -useHub -hubIPC -cloudEnvironment production -hubSessionId 752cbe90-0e19-11eb-995d-89d16d45d33f -accessToken SrL8WEUwnt--fcfUBodsDOtU3ImqkPOcqE-izC4Sm1E009f","communication_protocol_version":"1.1.0","com.unity.ml-agents_version":"1.4.0-preview","scene_name":"SampleScene","end_time_seconds":"1602706566"}}